,USGS Site Number:,State:,CameraName:,Camera Description:,Latitude:,Longitude:,Timelapse Length:,Collection Interval:,Collection Window:
https://apps.usgs.gov/hivis/camera/IL_Lick_Creek_near_Woodside,05576100,IL,Lick Creek near Woodside,"Lick Creek near Woodside, IL",39.71553889,-89.7024444,10 seconds (100 images),Every 60 minutes,247
https://apps.usgs.gov/hivis/camera/WI_Kinnickinnic_River_near_River_Falls_SECCHI,05342000,WI,Kinnickinnic River near River Falls SECCHI,"Kinnickinnic River near River Falls, WI - KK River Secchi Disk ",44.8308333,-92.7330556,10 seconds (100 images),Every 60 minutes,247
https://apps.usgs.gov/hivis/camera/FL_Sand_Key,888888,FL,Sand Key,"CoastCam - Sand Key, FL",27.93907,-82.83934,10 seconds (100 images),Every 60 minutes,daylight
https://apps.usgs.gov/hivis/camera/IN_Drain_Tile_East_of_Bull_Rapids_Road_near_Harlan_TILE,411229084541102,IN,Drain Tile East of Bull Rapids Road near Harlan TILE,"Drain Tile East of Bull Rapids Road near Harlan, IN - Edge of Field monitoring - IN-SW1 TILE",41.20813889,-84.9032222,10 seconds (100 images),Every 5 minutes,247
https://apps.usgs.gov/hivis/camera/WI_Yahara_River_at_McFarland_GATES,05429500,WI,Yahara River at McFarland  ,"Yahara River at McFarland GATES, WI",43.00888889,-89.305,10 seconds (100 images),Every 60 minutes,daylight
https://apps.usgs.gov/hivis/camera/MN_RUM_RIVER_NEAR_ST_FRANCIS_MN,05286000,MN,RUM RIVER NEAR ST FRANCIS MN,RUM RIVER NEAR ST. FRANCIS MN,45.32774267,-93.3724537,10 seconds (100 images),Every 60 minutes,247
https://apps.usgs.gov/hivis/camera/WI_KK11th,04087159,WI,KK11th,"Kinnickinnic River at South 11th Street in Milwaukee, WI",42.9975,-87.92638889,10 seconds (100 images),Every 15 minutes,247
https://apps.usgs.gov/hivis/camera/MN_Rice_Creek_below_Old_HWY_8_in_Mounds_View,05288580,MN,Rice Creek below Old HWY 8 in Mounds View,"Rice Creek below Old HWY 8 in Mounds View, MN",45.0933333,-93.195,10 seconds (100 images),Every 60 minutes,daylight
https://apps.usgs.gov/hivis/camera/MT_East_Poplar_River_at_International_Boundary,06178500,MT,East Poplar River at International Boundary,"East Poplar River at International Boundry,",49.0,-105.4095861,10 seconds (100 images),Every 61 minutes,247
https://apps.usgs.gov/hivis/camera/WI_Green_Bay_Oil_Depot,040851385,WI,Green Bay Oil Depot,"Oil Depot on Fox River in Green Bay, WI -  Camera points north which is perpendicular to the river. This helps document when the oil tanker is in the way of the Acoustic Velocity Meters (AVM). ",44.5286111,-88.01,10 seconds (100 images),Every 5 minutes,247
https://apps.usgs.gov/hivis/camera/WI_KD1_FIELD,442405087414401,WI,KD1 FIELD,"Discovery Farms Partner Monitoring -  Waterway  near KD1 FIELD near Kewaunee, WI",44.40127778,-87.6955556,10 seconds (100 images),Every 60 minutes,daylight
https://apps.usgs.gov/hivis/camera/WI_Manitowoc_River_at_Manitowoc,04085427,WI,Manitowoc River at Manitowoc,"Manitowoc River at Manitowoc, WI",44.10616667,-87.71602780,10 seconds (100 images),Every 60 minutes,247
https://apps.usgs.gov/hivis/camera/OH_St_Marys_River_at_Walcot_Street_at_Willshire,04181049,OH,St Marys River at Walcot Street at Willshire,"St Marys River at Walcot Street at Willshire, OH",40.74888889,-84.7891667,10 seconds (100 images),Every 60 minutes,daylight
https://apps.usgs.gov/hivis/camera/MN_High_Island_Creek_near_Henderson,05327000,MN,High Island Creek near Henderson,"High Island Creek near Henderson, MN",44.5719079,-93.9219113,10 seconds (100 images),Every 60 minutes,247
https://apps.usgs.gov/hivis/camera/WI_Silver_Creek_at_State_Highway_21_near_Angelo,05382284,WI,Silver Creek at State Highway 21 near Angelo,"Silver Creek at State Highway 21 near Angelo, WI",43.9672222,-90.765,10 seconds (100 images),Every 60 minutes,daylight
https://apps.usgs.gov/hivis/camera/WI_North_Fork_Clam_River_near_Siren,05335450,WI,North Fork Clam River near Siren,"North Fork Clam River at Malone Road in Burnett County near Siren, WI - Reconyx Cell Game Cam",45.76174167,-92.2780222,10 seconds (100 images),Every 60 minutes,247
https://apps.usgs.gov/hivis/camera/OR_Little_North_Santiam_River_above_Evans_Creek_at_Elkhorn,14181900,OR,Little North Santiam River above Evans Creek at Elkhorn,"Little North Santiam River above Evans Creek at Elkhorn, OR",44.8356775,-122.354803,10 seconds (100 images),Every 30 minutes,daylight
https://apps.usgs.gov/hivis/camera/WI_Chippewa_River_at_Bishops_Bridge_near_Winter,05356000,WI,Chippewa River at Bishops Bridge near Winter,"Chippewa River at Bishops Bridge near Winter, WI",45.8486111,-91.0788889,10 seconds (100 images),Every 60 minutes,daylight
https://apps.usgs.gov/hivis/camera/NE_Platte_River_near_Grand_Island,06770500,NE,Platte River near Grand Island,"Platte River near Grand Island, Nebr.
",40.8744567,-98.2820044,10 seconds (100 images),Every 15 minutes,daylight
https://apps.usgs.gov/hivis/camera/CA_Merced_River_at_Happy_Isles_Bridge_Yosemite,11264500,CA,Merced River at Happy Isles Bridge Yosemite,"Merced River at Happy Isles Bridge, Yosemite, CA
",37.73131496,-119.55905140,10 seconds (100 images),Every 5 minutes,daylight
https://apps.usgs.gov/hivis/camera/WI_Menomonee_River_at_16th_Street_at_Milwaukee,,,,,,,,,
https://apps.usgs.gov/hivis/camera/WI_KD2_FIELD,,,,,,,,,
https://apps.usgs.gov/hivis/camera/WI_Swallow_Bay_Tributary_at_Lake_Redstone_near_La_Valle,,,,,,,,,
https://apps.usgs.gov/hivis/camera/PA_Allegheny_River_at_Franklin,,,,,,,,,
https://apps.usgs.gov/hivis/camera/OR_Klamath_River_below_John_C_Boyle_Powerplant_near_Keno,,,,,,,,,
https://apps.usgs.gov/hivis/camera/WI_Chippewa_River_near_Bruce,,,,,,,,,
https://apps.usgs.gov/hivis/camera/WI_Red_Cedar_River_near_Colfax,,,,,,,,,
https://apps.usgs.gov/hivis/camera/WI_Spring_Harbor_Storm_Sewer_OVERVIEW_at_Madison,,,,,,,,,
https://apps.usgs.gov/hivis/camera/NE_Elkhorn_River_near_Winslow,,,,,,,,,
https://apps.usgs.gov/hivis/camera/IN_Overland_Flow_East_of_Bull_Rapids_Road_near_Harlan_FLUME,,,,,,,,,
https://apps.usgs.gov/hivis/camera/WI_Yellow_River_at_Necedah,,,,,,,,,
https://apps.usgs.gov/hivis/camera/WI_Bark_River_near_Rome,,,,,,,,,
https://apps.usgs.gov/hivis/camera/OH_Unnamed_Tributary_above_wetland_near_Winn_Road_near_Defiance_STREAM_CONTROL,,,,,,,,,
https://apps.usgs.gov/hivis/camera/WI_GLRI_East_River_Waterway_SW3_FIELD,,,,,,,,,
https://apps.usgs.gov/hivis/camera/AK_Bradly_River_near_Tidewater_near_Homer,,,,,,,,,
https://apps.usgs.gov/hivis/camera/WI_MT1_STAFF,,,,,,,,,
https://apps.usgs.gov/hivis/camera/MI_River_Rouge_at_Detroit,,,,,,,,,
https://apps.usgs.gov/hivis/camera/NE_Platte_River_near_Schuyler,,,,,,,,,
https://apps.usgs.gov/hivis/camera/WI_Root_River_Canal_near_Franklin,,,,,,,,,
https://apps.usgs.gov/hivis/camera/WI_Swan_Creek_at_Lalor_Road_near_Fitchburg,,,,,,,,,
https://apps.usgs.gov/hivis/camera/OH_Tiffin_River_near_Evansport,,,,,,,,,
https://apps.usgs.gov/hivis/camera/MA_Head_of_the_Meadow_Beach_near_Truro_CAMERA_1,,,,,,,,,
https://apps.usgs.gov/hivis/camera/WI_Dutchman_Creek_at_Cyrus_Street_near_Ashwaubenon,,,,,,,,,
https://apps.usgs.gov/hivis/camera/WI_Treatment_Wetland_2_Surface_Inlet_near_Kaukauna_FIELD,,,,,,,,,
https://apps.usgs.gov/hivis/camera/CO_Clear_Creek_at_Golden,,,,,,,,,
https://apps.usgs.gov/hivis/camera/WI_South_Branch_Tenmile_Creek_near_Bancroft,,,,,,,,,
https://apps.usgs.gov/hivis/camera/SC_Congaree_River_below_Cayce_DOWNSTREAM_CAMERA,,,,,,,,,
https://apps.usgs.gov/hivis/camera/WI_Kinnickinnic_River_near_River_Falls_RIVER,,,,,,,,,
https://apps.usgs.gov/hivis/camera/WA_Columbia_River_at_Vancouver,,,,,,,,,
https://apps.usgs.gov/hivis/camera/WI_Milwaukee_River_near_Cedarburg_DOWNSTREAM,,,,,,,,,
https://apps.usgs.gov/hivis/camera/WI_Fox_River_above_Little_Kaukauna_Dam,,,,,,,,,
https://apps.usgs.gov/hivis/camera/CO_Gunnison_River_near_Grand_Junction_RISE,,,,,,,,,
https://apps.usgs.gov/hivis/camera/WI_AO1_FIELD,,,,,,,,,
https://apps.usgs.gov/hivis/camera/WI_RS2_STAFF,,,,,,,,,
https://apps.usgs.gov/hivis/camera/WI_Sixmile_Creek_at_HWY_M_near_Waunakee,,,,,,,,,
https://apps.usgs.gov/hivis/camera/CO_WILLOW_CREEK_VI,,,,,,,,,
https://apps.usgs.gov/hivis/camera/WI_Peshtigo_River_at_Peshtigo,,,,,,,,,
https://apps.usgs.gov/hivis/camera/TX_Blanco_River_at_Wimberley,,,,,,,,,
https://apps.usgs.gov/hivis/camera/OR_Columbia_River_at_Port_Westward_near_Quincy,,,,,,,,,
https://apps.usgs.gov/hivis/camera/OH_Little_Flatrock_Creek_near_Junction,,,,,,,,,
https://apps.usgs.gov/hivis/camera/IN_St_Marys_River_near_Fort_Wayne_DOWNSTREAM,,,,,,,,,
https://apps.usgs.gov/hivis/camera/WI_La_Crosse_River_at_Sparta,,,,,,,,,
https://apps.usgs.gov/hivis/camera/WI_MT3_FLUME_OVERVIEW,,,,,,,,,
https://apps.usgs.gov/hivis/camera/IN_Overland_Flow_East_of_Bull_Rapids_Road_near_Harlan_FIELD,,,,,,,,,
https://apps.usgs.gov/hivis/camera/WI_Root_River_near_Franklin,,,,,,,,,
https://apps.usgs.gov/hivis/camera/WI_Yahara_River_at_Forton_Street_Bridge_at_Stoughton,,,,,,,,,
https://apps.usgs.gov/hivis/camera/WI_Big_Eau_Pleine_River_at_Stratford,,,,,,,,,
https://apps.usgs.gov/hivis/camera/NE_Platte_River_near_Overton,,,,,,,,,
https://apps.usgs.gov/hivis/camera/WI_Green_Tech_Biofilter_INLET_at_Milwaukee,,,,,,,,,
https://apps.usgs.gov/hivis/camera/SC_Lynches_River_at_I95_above_Olanta_DOWNSTREAM_CAMERA,,,,,,,,,
https://apps.usgs.gov/hivis/camera/IN_Wabash_River_at_New_Harmony,,,,,,,,,
https://apps.usgs.gov/hivis/camera/OH_Inflow_to_wetland_near_Winn_Road_near_Defiance_POND,,,,,,,,,
https://apps.usgs.gov/hivis/camera/NY_Keshequa_Creek_at_Craig_Colony_at_Sonyea_STAFF,,,,,,,,,
https://apps.usgs.gov/hivis/camera/WI_MT2_STAFF,,,,,,,,,
https://apps.usgs.gov/hivis/camera/MN_Knife_River_Near_Two_Harbors,,,,,,,,,
https://apps.usgs.gov/hivis/camera/WI_RS2_FIELD,,,,,,,,,
https://apps.usgs.gov/hivis/camera/WI_GLRI_Waterway_Number_4_near_Wrightstown_FLUME,,,,,,,,,
https://apps.usgs.gov/hivis/camera/WI_AO2_FLUME_OVERVIEW,,,,,,,,,
https://apps.usgs.gov/hivis/camera/WI_Fox_River_at_De_Pere_Lock_above_upper_gate_pool,,,,,,,,,
https://apps.usgs.gov/hivis/camera/WI_Green_Lake_Southwest_Inlet_at_HWY_K_near_Green_Lake_WETLAND,,,,,,,,,
https://apps.usgs.gov/hivis/camera/WI_Wolf_River_at_New_London,,,,,,,,,
https://apps.usgs.gov/hivis/camera/WI_Muskego_Wetland_Outlet,,,,,,,,,
https://apps.usgs.gov/hivis/camera/WI_Eau_Galle_River_at_Spring_Green,,,,,,,,,
https://apps.usgs.gov/hivis/camera/WI_Rock_River_at_Horicon,,,,,,,,,
https://apps.usgs.gov/hivis/camera/CO_WILLOW_CREEK_HU,,,,,,,,,
https://apps.usgs.gov/hivis/camera/OH_Outflow_tile_to_bioreactor_near_Mark_Center_BIOREACTOR,,,,,,,,,
https://apps.usgs.gov/hivis/camera/WI_Dorn_Creek_at_HWY_M_nr_Waunakee,,,,,,,,,
https://apps.usgs.gov/hivis/camera/IL_Fondulac_Reservoir_near_East_Peoria,,,,,,,,,
https://apps.usgs.gov/hivis/camera/AK_Colville_River_at_Umiat,,,,,,,,,
https://apps.usgs.gov/hivis/camera/WI_South_Fork_Pheasant_Branch_at_Deming_Way_at_Middleton,,,,,,,,,
https://apps.usgs.gov/hivis/camera/AK_Yukon_River_at_Galena,,,,,,,,,
https://apps.usgs.gov/hivis/camera/CO_Teller_Reservoir_near_Stone_City,,,,,,,,,
https://apps.usgs.gov/hivis/camera/WI_Nemadji_River_near_South_Superior,,,,,,,,,
https://apps.usgs.gov/hivis/camera/CA_Suisun_Bay_at_Channel_Marker_24A_near_Bay_Point,,,,,,,,,
https://apps.usgs.gov/hivis/camera/WI_RS1_FIELD,,,,,,,,,
https://apps.usgs.gov/hivis/camera/WI_Ashland_Breakwater_Lighthouse_Chequamegon_Bay_LIGHTHOUSE,,,,,,,,,
https://apps.usgs.gov/hivis/camera/AK_Tyee_Lake_Outlet_near_Wrangell,,,,,,,,,
https://apps.usgs.gov/hivis/camera/NY_Keshequa_Creek_at_Craig_Colony_at_Sonyea_DOWNSTREAM,,,,,,,,,
https://apps.usgs.gov/hivis/camera/MI_Saginaw_River_at_Holland_Ave_at_Saginaw,,,,,,,,,
https://apps.usgs.gov/hivis/camera/WI_MT2_FIELD,,,,,,,,,
https://apps.usgs.gov/hivis/camera/NC_Walnut_Creek_at_South_State_Street_at_Raleigh,,,,,,,,,
https://apps.usgs.gov/hivis/camera/PA_Oil_Creek_at_Rouseville,,,,,,,,,
https://apps.usgs.gov/hivis/camera/WI_AO3_FIELD,,,,,,,,,
https://apps.usgs.gov/hivis/camera/OR_McKenzie_River_near_Vida,,,,,,,,,
https://apps.usgs.gov/hivis/camera/WI_MT1_FIELD,,,,,,,,,
https://apps.usgs.gov/hivis/camera/OH_East_Fork_Little_Miami_River_at_Perintown,,,,,,,,,
https://apps.usgs.gov/hivis/camera/GA_Savannah_River_at_USACE_Dock_at_Savannah,,,,,,,,,
https://apps.usgs.gov/hivis/camera/TX_Lake_Conroe_near_Conroe,,,,,,,,,
https://apps.usgs.gov/hivis/camera/MA_Marconi_Beach_near_Wellfleet_CAMERA_2,,,,,,,,,
https://apps.usgs.gov/hivis/camera/WI_GLRI_Bioreactor_outlet_near_Duvall_DITCH,,,,,,,,,
https://apps.usgs.gov/hivis/camera/WI_Dorn_Creek_at_HWY_Q_near_Waunakee,,,,,,,,,
https://apps.usgs.gov/hivis/camera/OH_West_Branch_St_Joseph_River_near_Nettle_Lake,,,,,,,,,
https://apps.usgs.gov/hivis/camera/NY_Storm_Sewer_50_ft_East_of_Niagara_St_115_ft_South_of_Scajawquada_Creek,,,,,,,,,
https://apps.usgs.gov/hivis/camera/MN_Mississippi_River_below_Lock_and_Dam_2_at_Hastings,,,,,,,,,
https://apps.usgs.gov/hivis/camera/MI_Tile_Drain_to_Mill_Creek_near_Waldron_FLUME_OVERVIEW,,,,,,,,,
https://apps.usgs.gov/hivis/camera/MI_East_Branch_St_Joseph_River_at_Territorial_Road_near_Waldron,,,,,,,,,
https://apps.usgs.gov/hivis/camera/IN_Drain_Tile_West_of_Bull_Rapids_Road_near_Harlan_TILE,,,,,,,,,
https://apps.usgs.gov/hivis/camera/WI_Duck_Creek_near_Howard_UPSTREAM,,,,,,,,,
https://apps.usgs.gov/hivis/camera/WI_Pheasant_Branch_at_Airport_Road_near_Middleton,,,,,,,,,
https://apps.usgs.gov/hivis/camera/WI_KD2_FLUME_OVERVIEW,,,,,,,,,
https://apps.usgs.gov/hivis/camera/GA_Chattahoochee_River_at_14th_Street_at_Columbus,,,,,,,,,
https://apps.usgs.gov/hivis/camera/IN_Blue_Creek_near_Pleasant_Mills,,,,,,,,,
https://apps.usgs.gov/hivis/camera/WI_Silver_Creek_at_Spaulding_Road_near_Green_Lake,,,,,,,,,
https://apps.usgs.gov/hivis/camera/WI_APPLE_RIVER_ABOVE_05341499_AT_PARK_IN_SOMERSET,,,,,,,,,
https://apps.usgs.gov/hivis/camera/WI_AO2_FIELD,,,,,,,,,
https://apps.usgs.gov/hivis/camera/FL_Pithlachascotee_River_near_Fivay_Junction,,,,,,,,,
https://apps.usgs.gov/hivis/camera/WI_GLRI_East_River_Waterway_SW3_FLUME,,,,,,,,,
https://apps.usgs.gov/hivis/camera/MI_Clam_Lake_Outlet_to_Torch_Lake_near_Alden,,,,,,,,,
https://apps.usgs.gov/hivis/camera/MN_Kettle_River_below_Sandstone,,,,,,,,,
https://apps.usgs.gov/hivis/camera/WI_Spring_Harbor_Storm_Sewer_DOWNSTREAM_at_Madison,,,,,,,,,
https://apps.usgs.gov/hivis/camera/PA_East_Branch_Brandywine_Creek_below_Downingtown,,,,,,,,,
https://apps.usgs.gov/hivis/camera/MI_Tile_Drain_to_Mill_Creek_near_Waldron_STREAM,,,,,,,,,
https://apps.usgs.gov/hivis/camera/MN_Elm_Creek_near_Champlin,,,,,,,,,
https://apps.usgs.gov/hivis/camera/WI_Eau_Claire_River_at_Kelly,,,,,,,,,
https://apps.usgs.gov/hivis/camera/WI_Big_Roche_A_Cri_Creek_at_HWY_G_near_Leola,,,,,,,,,
https://apps.usgs.gov/hivis/camera/NC_French_Broad_River_near_Bent_Creek,,,,,,,,,
https://apps.usgs.gov/hivis/camera/WI_RS1_FLUME_OVERVIEW,,,,,,,,,
https://apps.usgs.gov/hivis/camera/AZ_National_Data_Conference_2023_Cell_Trail_Camera,,,,,,,,,
https://apps.usgs.gov/hivis/camera/MI_Detroit_River_at_Fort_Wayne_at_Detroit,,,,,,,,,
https://apps.usgs.gov/hivis/camera/IN_Black_Creek_near_Harlan,,,,,,,,,
https://apps.usgs.gov/hivis/camera/OH_Inflow_to_wetland_near_Winn_Road_near_Defiance_WET2,,,,,,,,,
https://apps.usgs.gov/hivis/camera/MO_Missouri_River_at_Hermann,,,,,,,,,
https://apps.usgs.gov/hivis/camera/WI_Kickapoo_River_at_HWY_131_at_Ontario,,,,,,,,,
https://apps.usgs.gov/hivis/camera/OR_North_Umpqua_River_near_Idleyld_Park,,,,,,,,,
https://apps.usgs.gov/hivis/camera/WI_Ashwaubenon_Creek_at_Grant_Street_near_West_De_Pere,,,,,,,,,
https://apps.usgs.gov/hivis/camera/OH_Wetland_Outflow_near_Winn_Rd_near_Defiance_OUTLET_FLUME,,,,,,,,,
https://apps.usgs.gov/hivis/camera/WI_GLRI_Waterway_Number_4_near_Wrightstown_FIELD,,,,,,,,,
https://apps.usgs.gov/hivis/camera/WA_Okanogan_River_at_Zosel_Millpond_at_Oroville,,,,,,,,,
https://apps.usgs.gov/hivis/camera/PA_Perkiomen_Creek_at_Graterford,,,,,,,,,
https://apps.usgs.gov/hivis/camera/NE_Platte_River_at_North_Bend,,,,,,,,,
https://apps.usgs.gov/hivis/camera/AK_Yukon_River_at_Eagle,,,,,,,,,
https://apps.usgs.gov/hivis/camera/WI_Pecatonica_River_at_Darlington,,,,,,,,,
https://apps.usgs.gov/hivis/camera/WI_Madison_Camera_01,,,,,,,,,
https://apps.usgs.gov/hivis/camera/NE_Platte_River_above_Loup_Power_Canal_near_Columbus,,,,,,,,,
https://apps.usgs.gov/hivis/camera/WI_Fox_River_at_Little_Kaukauna_Lock_above_upper_gate_pool,,,,,,,,,
https://apps.usgs.gov/hivis/camera/MI_Sonde_Monitoring_Grand_Rapids,,,,,,,,,
https://apps.usgs.gov/hivis/camera/WI_Menomonee_River_at_Wauwatosa,,,,,,,,,
https://apps.usgs.gov/hivis/camera/WI_Rock_River_at_Afton,,,,,,,,,
https://apps.usgs.gov/hivis/camera/NC_McMullen_Creek_at_Lincrest_Place_at_Charlotte,,,,,,,,,
https://apps.usgs.gov/hivis/camera/WI_Yahara_River_at_McFarland_STAFF_PLATE,,,,,,,,,
https://apps.usgs.gov/hivis/camera/IN_Overland_Flow_West_of_Bull_Rapids_Road_near_Harlan_FLUME,,,,,,,,,
https://apps.usgs.gov/hivis/camera/SC_Black_River_at_I_95_near_Manning_DOWNSTREAM_CAMERA,,,,,,,,,
https://apps.usgs.gov/hivis/camera/WI_Fox_River_at_De_Pere_Dam_above_REW_Spillway,,,,,,,,,
https://apps.usgs.gov/hivis/camera/GA_Sweetwater_Creek_at_Austell,,,,,,,,,
https://apps.usgs.gov/hivis/camera/WI_Spring_Harbor_Storm_Sewer_UPSTREAM_at_Madison,,,,,,,,,
https://apps.usgs.gov/hivis/camera/GA_Randy_Poynter_Lake_at_Spillway_near_Milstead,,,,,,,,,
https://apps.usgs.gov/hivis/camera/MN_Minnesota_River_at_Morton,,,,,,,,,
https://apps.usgs.gov/hivis/camera/WI_Root_River_at_Grange_Avenue_at_Greendale,,,,,,,,,
https://apps.usgs.gov/hivis/camera/IN_Overland_Flow_West_of_Bull_Rapids_Road_near_Harlan_FIELD,,,,,,,,,
https://apps.usgs.gov/hivis/camera/WI_Milwaukee_River_at_mouth_at_Milwaukee_UPSTREAM,,,,,,,,,
https://apps.usgs.gov/hivis/camera/WI_MT3_FIELD,,,,,,,,,
https://apps.usgs.gov/hivis/camera/PA_East_Branch_Brandywine_Creek_below_Downingtown_RS485_CAMERA,,,,,,,,,
https://apps.usgs.gov/hivis/camera/WI_French_Creek_near_Ettrick,,,,,,,,,
https://apps.usgs.gov/hivis/camera/WI_RS2_FLUME_OVERVIEW,,,,,,,,,
https://apps.usgs.gov/hivis/camera/WI_MT1_FLUME_OVERVIEW,,,,,,,,,
https://apps.usgs.gov/hivis/camera/AK_DANGEROUS_R_AT_HARLEQUIN_LK_OUTLET_NR_YAKUTAT_AK,,,,,,,,,
https://apps.usgs.gov/hivis/camera/AK_Phelan_Creek_near_Paxson,,,,,,,,,
https://apps.usgs.gov/hivis/camera/WI_Green_Lake_Inlet_at_HWY_A_near_Green_Lake_FISHEYE,,,,,,,,,
https://apps.usgs.gov/hivis/camera/WI_GLRI_Waterway_Number_5_near_Wrightstown_FLUME,,,,,,,,,
https://apps.usgs.gov/hivis/camera/WI_AO3_STAFF,,,,,,,,,
https://apps.usgs.gov/hivis/camera/OH_Inflow_to_wetland_near_Winn_Road_near_Defiance_FLUME,,,,,,,,,
https://apps.usgs.gov/hivis/camera/MI_Coldwater_Fen_met_station_Branch_County,,,,,,,,,
https://apps.usgs.gov/hivis/camera/MI_Tile_Drain_to_Mill_Creek_near_Waldron_FLUME_STAFF,,,,,,,,,
https://apps.usgs.gov/hivis/camera/WI_Fox_River_at_Rapid_Croche_Lock_above_upper_gate_pool,,,,,,,,,
https://apps.usgs.gov/hivis/camera/MN_CLEARWATER_RIVER_AT_RED_LAKE_FALLS_MN,,,,,,,,,
https://apps.usgs.gov/hivis/camera/IL_Farmdale_Reservoir_at_Farmdale,,,,,,,,,
https://apps.usgs.gov/hivis/camera/WI_Namekagon_River_at_Leonards,,,,,,,,,
https://apps.usgs.gov/hivis/camera/AK_Twelvemile_Creek_near_Petersburg,,,,,,,,,
https://apps.usgs.gov/hivis/camera/WI_Spring_Harbor_Storm_Sewer_STAFF_at_Madison,,,,,,,,,
https://apps.usgs.gov/hivis/camera/ID_Camera_Training_Class_BOISE_ID,,,,,,,,,
https://apps.usgs.gov/hivis/camera/WI_Tody_Ravine_at_HWY_112_near_Marengo,,,,,,,,,
https://apps.usgs.gov/hivis/camera/WI_Chippewa_River_below_Dells_Dam_at_Eau_Claire,,,,,,,,,
https://apps.usgs.gov/hivis/camera/SC_Saluda_River_above_I26_Flyover_near_West_Columbia,,,,,,,,,
https://apps.usgs.gov/hivis/camera/WI_GLRI_Waterway_Number_4_near_Wrightstown_STAFF,,,,,,,,,
https://apps.usgs.gov/hivis/camera/WI_Kickapoo_River_at_La_Farge,,,,,,,,,
https://apps.usgs.gov/hivis/camera/IL_Vermilion_River_near_Danville,,,,,,,,,
https://apps.usgs.gov/hivis/camera/WI_GLRI_Bioreactor_inlet_near_Duvall_INLET_ARGIDRAIN,,,,,,,,,
https://apps.usgs.gov/hivis/camera/WI_Trempealeau_River_at_Arcadia,,,,,,,,,
https://apps.usgs.gov/hivis/camera/OH_Auglaize_River_near_Fort_Jennings,,,,,,,,,
https://apps.usgs.gov/hivis/camera/OH_Little_Miami_River_at_Milford,,,,,,,,,
https://apps.usgs.gov/hivis/camera/OH_Maumee_River_near_Defiance,,,,,,,,,
https://apps.usgs.gov/hivis/camera/WI_GLRI_Bioreactor_inlet_near_Duvall_FIELD,,,,,,,,,
https://apps.usgs.gov/hivis/camera/WI_Wisconsin_River_at_Muscoda,,,,,,,,,
https://apps.usgs.gov/hivis/camera/NM_Rio_Grande_below_Elephant_Butte_Dam,,,,,,,,,
https://apps.usgs.gov/hivis/camera/OH_Wetland_Outflow_near_Winn_Rd_near_Defiance_OUTLET_AGRIDRAIN,,,,,,,,,
https://apps.usgs.gov/hivis/camera/CO_WILLOW_CREEK_SL,,,,,,,,,
https://apps.usgs.gov/hivis/camera/WI_MARENGO_RIVER_AT_REIMER_ROAD_NR_MARENGO,,,,,,,,,
https://apps.usgs.gov/hivis/camera/WI_Fox_River_at_Kaukauna_Dam_near_canal_entrance,,,,,,,,,
https://apps.usgs.gov/hivis/camera/WI_Lemonweir_River_at_New_Lisbon,,,,,,,,,
https://apps.usgs.gov/hivis/camera/MN_Redwood_River_near_Marshall,,,,,,,,,
https://apps.usgs.gov/hivis/camera/WI_MT3_STAFF,,,,,,,,,
https://apps.usgs.gov/hivis/camera/AK_Unalakleet_C2,,,,,,,,,
https://apps.usgs.gov/hivis/camera/WI_Cedar_Creek_near_Cedarburg,,,,,,,,,
https://apps.usgs.gov/hivis/camera/NM_Pecos_River_near_Acme,,,,,,,,,
https://apps.usgs.gov/hivis/camera/WI_Wisconsin_River_at_Wisconsin_Rapids,,,,,,,,,
https://apps.usgs.gov/hivis/camera/PA_Susquehanna_River_at_Towanda,,,,,,,,,
https://apps.usgs.gov/hivis/camera/OH_Black_Fork_Mohican_River_at_Shelby_OH,,,,,,,,,
https://apps.usgs.gov/hivis/camera/SC_Congaree_River_at_Columbia,,,,,,,,,
https://apps.usgs.gov/hivis/camera/WI_Big_Creek_Outlet_at_Lake_Redstone_near_La_Valle,,,,,,,,,
https://apps.usgs.gov/hivis/camera/FL_Trout_Creek_at_Wesley_Chapel,,,,,,,,,
https://apps.usgs.gov/hivis/camera/OH_Ottawa_River_near_Kalida,,,,,,,,,
https://apps.usgs.gov/hivis/camera/OH_Wetland_Outflow_near_Winn_Rd_near_Defiance_OUTLET_OVERVIEW,,,,,,,,,
https://apps.usgs.gov/hivis/camera/WI_Treatment_Wetland_2_Surface_Inlet_near_Kaukauna_Staff,,,,,,,,,
https://apps.usgs.gov/hivis/camera/NC_Briar_Creek_near_Charlotte,,,,,,,,,
https://apps.usgs.gov/hivis/camera/PR_Dorado_Camera_1,,,,,,,,,
https://apps.usgs.gov/hivis/camera/WI_Tenmile_Creek_near_Nekoosa,,,,,,,,,
https://apps.usgs.gov/hivis/camera/WI_Milwaukee_River_near_Cedarburg,,,,,,,,,
https://apps.usgs.gov/hivis/camera/AK_Alsek_River_at_Dry_Bay_near_Yakutat,,,,,,,,,
https://apps.usgs.gov/hivis/camera/IL_Chicago_Sanitary_and_Ship_Canal_near_Lemont_RISE,,,,,,,,,
https://apps.usgs.gov/hivis/camera/WI_Black_River_near_Galesville,,,,,,,,,
https://apps.usgs.gov/hivis/camera/WI_KD2_STAFF,,,,,,,,,
https://apps.usgs.gov/hivis/camera/WI_East_River_at_N_Baird_Street_at_Green_Bay,,,,,,,,,
https://apps.usgs.gov/hivis/camera/WI_Milwaukee_River_Cherry_Street,,,,,,,,,
https://apps.usgs.gov/hivis/camera/SC_Congaree_River_below_Cayce_UPSTREAM_CAMERA,,,,,,,,,
https://apps.usgs.gov/hivis/camera/WI_AO1_STAFF,,,,,,,,,
https://apps.usgs.gov/hivis/camera/PA_Delaware_River_at_Penns_Landing_Philadelphia,,,,,,,,,
https://apps.usgs.gov/hivis/camera/IN_Maumee_River_at_New_Haven,,,,,,,,,
https://apps.usgs.gov/hivis/camera/WI_Root_River_at_60th_Street_near_Caledonia,,,,,,,,,
https://apps.usgs.gov/hivis/camera/MT_Yellowstone_River_at_Miles_City,,,,,,,,,
https://apps.usgs.gov/hivis/camera/TX_Blanco_River_at_Crabapple_Road_near_Blanco,,,,,,,,,
https://apps.usgs.gov/hivis/camera/WI_Milwaukee_River_at_mouth_at_Milwaukee_DOWNSTREAM,,,,,,,,,
https://apps.usgs.gov/hivis/camera/OH_Black_Fork_Mohican_River_at_Shelby,,,,,,,,,
https://apps.usgs.gov/hivis/camera/NY_Richelieu_River_at_Rouses_Point,,,,,,,,,
https://apps.usgs.gov/hivis/camera/NE_Elkhorn_River_at_West_Point,,,,,,,,,
https://apps.usgs.gov/hivis/camera/WI_Pecatonica_River_at_Martintown,,,,,,,,,
https://apps.usgs.gov/hivis/camera/MA_Marconi_Beach_near_Wellfleet_CAMERA_1,,,,,,,,,
https://apps.usgs.gov/hivis/camera/OK_Illinois_River_near_Moodys,,,,,,,,,
https://apps.usgs.gov/hivis/camera/WI_Roy_Creek_at_Roy_Creek_Road_near_Green_Lake,,,,,,,,,
https://apps.usgs.gov/hivis/camera/WI_Green_Lake_Southwest_Inlet_at_HWY_K_near_Green_Lake_PTZ,,,,,,,,,
https://apps.usgs.gov/hivis/camera/WI_East_Branch_Pecatonica_River_near_Blanchardville,,,,,,,,,
https://apps.usgs.gov/hivis/camera/TX_New_Year_Ck_at_FM_1155_nr_Chappel_Hill,,,,,,,,,
https://apps.usgs.gov/hivis/camera/WI_Fox_River_near_New_Munster_STANDPIPE,,,,,,,,,
https://apps.usgs.gov/hivis/camera/WI_Badfish_Creek_nr_Cooksville,,,,,,,,,
https://apps.usgs.gov/hivis/camera/WI_Bois_Brule_River_at_Brule,,,,,,,,,
https://apps.usgs.gov/hivis/camera/MN_LE_SUEUR_RIVER_NEAR_RAPIDAN_MN,,,,,,,,,
https://apps.usgs.gov/hivis/camera/WI_Denomie_Creek_at_Aspen_Acres,,,,,,,,,
https://apps.usgs.gov/hivis/camera/MN_LITTLE_MINNESOTA_RIVER_NEAR_PEEVER_SD,,,,,,,,,
https://apps.usgs.gov/hivis/camera/CA_Eel_River_at_Fernbridge,,,,,,,,,
https://apps.usgs.gov/hivis/camera/CO_Slate_River_above_O_B_J_Creek_near_Crested_Butte,,,,,,,,,
https://apps.usgs.gov/hivis/camera/AK_Unalakleet_C1,,,,,,,,,
https://apps.usgs.gov/hivis/camera/WI_Treatment_Wetland_2_Surface_Inlet_near_Kaukauna_Wetland_Overview,,,,,,,,,
https://apps.usgs.gov/hivis/camera/GU_Adelup_Point_CAMERA_2,,,,,,,,,
https://apps.usgs.gov/hivis/camera/SC_Tearcoat_Branch_at_I_95_near_Manning_DOWNSTREAM_CAMERA,,,,,,,,,
https://apps.usgs.gov/hivis/camera/OH_Auglaize_River_near_Kossuth,,,,,,,,,
https://apps.usgs.gov/hivis/camera/OH_Big_Creek_near_Brooklyn,,,,,,,,,
https://apps.usgs.gov/hivis/camera/CA_Mokelumne_River_at_Andrus_Island_near_Terminous,,,,,,,,,
https://apps.usgs.gov/hivis/camera/OH_Clover_Groff_Ditch_below_Alton,,,,,,,,,
https://apps.usgs.gov/hivis/camera/WI_Plum_Creek_near_Wrightstown,,,,,,,,,
https://apps.usgs.gov/hivis/camera/MN_Minnehaha_Creek_at_Hiawatha_Ave_in_Minneapolis,,,,,,,,,
https://apps.usgs.gov/hivis/camera/MN_WHETSTONE_RIVER_NEAR_BIG_STONE_CITY_SD,,,,,,,,,
https://apps.usgs.gov/hivis/camera/OR_Breitenbush_River_above_French_Creek_near_Detroit,,,,,,,,,
https://apps.usgs.gov/hivis/camera/WI_Little_Menomonee_River_near_Freistadt,,,,,,,,,
https://apps.usgs.gov/hivis/camera/VA_Beggars_Cr_nr_Dawley_Corners_RSIE,,,,,,,,,
https://apps.usgs.gov/hivis/camera/TX_Zacate_Creek_at_Jacaman_Road_Laredo,,,,,,,,,
https://apps.usgs.gov/hivis/camera/WI_GLRI_Bioreactor_outlet_near_Duvall_OUTLET_AGRIDRAIN,,,,,,,,,
https://apps.usgs.gov/hivis/camera/WI_Fox_River_near_New_Munster_NORMAL_LENS,,,,,,,,,
https://apps.usgs.gov/hivis/camera/WI_Clam_River_at_Soderberg_Road_near_Siren,,,,,,,,,
https://apps.usgs.gov/hivis/camera/WI_Dutchman_Creek_at_Hansen_Road_at_Ashwaubenon,,,,,,,,,
https://apps.usgs.gov/hivis/camera/NC_Briar_Creek_at_Providence_Road_at_Charlotte,,,,,,,,,
https://apps.usgs.gov/hivis/camera/OH_Maumee_River_at_Antwerp,,,,,,,,,
https://apps.usgs.gov/hivis/camera/WI_GLRI_Waterway_Number_5_near_Wrightstown_FIELD,,,,,,,,,
https://apps.usgs.gov/hivis/camera/WI_St_Croix_River_near_Danbury,,,,,,,,,
https://apps.usgs.gov/hivis/camera/SC_Pocotaligo_River_at_I_95_above_Manning_UPSTREAM_CAMERA,,,,,,,,,
https://apps.usgs.gov/hivis/camera/WI_Eagle_Bay_Tributary_at_Lake_Redstone_near_La_Valle,,,,,,,,,
https://apps.usgs.gov/hivis/camera/AL_Hydrologic_Instrumentation_Facility_(HIF)_construction,,,,,,,,,
https://apps.usgs.gov/hivis/camera/AK_Glacial_Lake_2_and_half_miles_North_of_Nugget_Creek_near_Auke_Bay,,,,,,,,,
https://apps.usgs.gov/hivis/camera/WI_MT2_FLUME_OVERVIEW,,,,,,,,,
https://apps.usgs.gov/hivis/camera/WI_Little_Menomonee_River_near_Freistadt_FISH_CAMERA,,,,,,,,,
https://apps.usgs.gov/hivis/camera/WI_Yahara_River_at_Windsor,,,,,,,,,
https://apps.usgs.gov/hivis/camera/MN_MISSISSIPPI_RIVER_AT_HWY_610_IN_BROOKLYN_PARK_MN,,,,,,,,,
https://apps.usgs.gov/hivis/camera/WI_Clam_River_above_Clam_Dam_near_Siren,,,,,,,,,
https://apps.usgs.gov/hivis/camera/OH_Bean_Creek_at_Powers,,,,,,,,,
https://apps.usgs.gov/hivis/camera/WI_Black_Earth_Creek_near_Brewery_Road_at_Cross_Plains,,,,,,,,,
https://apps.usgs.gov/hivis/camera/IN_Overland_Flow_West_of_Bull_Rapids_Road_near_Harlan_STAFF,,,,,,,,,
https://apps.usgs.gov/hivis/camera/NC_Lake_Johnson_above_Dam_at_Raleigh,,,,,,,,,
https://apps.usgs.gov/hivis/camera/SC_Tearcoat_Branch_at_I_95_near_Manning_UPSTREAM_CAMERA,,,,,,,,,
https://apps.usgs.gov/hivis/camera/WI_Yellow_River_at_Babcock,,,,,,,,,
https://apps.usgs.gov/hivis/camera/PR_Isla_Verde_Camera_1,,,,,,,,,
https://apps.usgs.gov/hivis/camera/WI_Chippewa_River_at_Durand,,,,,,,,,
https://apps.usgs.gov/hivis/camera/IL_Illinois_River_at_Florence,,,,,,,,,
https://apps.usgs.gov/hivis/camera/OR_Luckiamute_River_near_Parker,,,,,,,,,
https://apps.usgs.gov/hivis/camera/WI_Sheboygan_River_at_Sheboygan,,,,,,,,,
https://apps.usgs.gov/hivis/camera/MN_Pomme_de_Terre_River_at_Appleton,,,,,,,,,
https://apps.usgs.gov/hivis/camera/PA_PEKOSOFT_East_Branch_Brandywine_Creek_below_Downingtown,,,,,,,,,
https://apps.usgs.gov/hivis/camera/WI_Fox_River_at_Appleton_Lower_Lock_above_hydro_intake,,,,,,,,,
https://apps.usgs.gov/hivis/camera/OH_Auglaize_River_near_Defiance,,,,,,,,,
https://apps.usgs.gov/hivis/camera/WI_AO2_STAFF,,,,,,,,,
https://apps.usgs.gov/hivis/camera/NE_Platte_River_near_Leshara,,,,,,,,,
https://apps.usgs.gov/hivis/camera/NE_Platte_River_near_Fremont,,,,,,,,,
https://apps.usgs.gov/hivis/camera/WI_Fox_River_at_Princeton,,,,,,,,,
https://apps.usgs.gov/hivis/camera/OH_Outflow_tile_to_bioreactor_near_Mark_Center_FIELD,,,,,,,,,
https://apps.usgs.gov/hivis/camera/GA_Yellow_River_near_Snellville,,,,,,,,,
https://apps.usgs.gov/hivis/camera/WI_AO1_FLUME_OVERVIEW,,,,,,,,,
https://apps.usgs.gov/hivis/camera/OH_Outflow_tile_to_bioreactor_near_Mark_Center_STREAM,,,,,,,,,
https://apps.usgs.gov/hivis/camera/WI_KD1_FLUME_OVERVIEW,,,,,,,,,
https://apps.usgs.gov/hivis/camera/WI_Sixmile_Creek_at_HWY_19_near_Waunakee,,,,,,,,,
https://apps.usgs.gov/hivis/camera/GA_Chattahoochee_River_at_Helen,,,,,,,,,
https://apps.usgs.gov/hivis/camera/MN_Minnehaha_Creek_below_Grays_Bay_Dam_in_Minnetonka,,,,,,,,,
https://apps.usgs.gov/hivis/camera/GA_Big_Creek_near_Alpharetta,,,,,,,,,
https://apps.usgs.gov/hivis/camera/WI_RS1_STAFF,,,,,,,,,
https://apps.usgs.gov/hivis/camera/NY_Skaneateles_Lake_at_Skaneateles,,,,,,,,,
https://apps.usgs.gov/hivis/camera/WI_Green_Lake_Inlet_at_HWY_A_near_Green_Lake_WETLAND,,,,,,,,,
https://apps.usgs.gov/hivis/camera/WI_Menomonee_River_at_Wauwatosa_ABOVE_WATER_FISH_CAMERA,,,,,,,,,
https://apps.usgs.gov/hivis/camera/NY_Keshequa_Creek_UPSTREAM_WEIR,,,,,,,,,
https://apps.usgs.gov/hivis/camera/AK_Red_Cloud_River_at_Anton_Larsen_Bay_near_Kodiak,,,,,,,,,
https://apps.usgs.gov/hivis/camera/WI_Pheasant_Branch_at_Middleton,,,,,,,,,
https://apps.usgs.gov/hivis/camera/NM_Storrie_Lake_Diversion_near_Montezuma,,,,,,,,,
https://apps.usgs.gov/hivis/camera/SC_Rocky_Branch_at_Whaley_Street_Columbia,,,,,,,,,
https://apps.usgs.gov/hivis/camera/WI_Underwood_Creek_at_Wauwatosa_ABOVE_WATER_FISH_CAMERA,,,,,,,,,
https://apps.usgs.gov/hivis/camera/WI_Fox_River_at_Fritse_Park_at_Neenah,,,,,,,,,
https://apps.usgs.gov/hivis/camera/MI_Kawkawlin_River_at_State_Park_Dr_at_Bay_City,,,,,,,,,
https://apps.usgs.gov/hivis/camera/WI_South_Branch_Rock_River_at_Waupun,,,,,,,,,
https://apps.usgs.gov/hivis/camera/WI_Fox_River_above_Cedars_Dam,,,,,,,,,
https://apps.usgs.gov/hivis/camera/SC_Pocotaligo_River_at_I_95_above_Manning_DOWNSTREAM_CAMERA,,,,,,,,,
https://apps.usgs.gov/hivis/camera/WI_Treatment_Wetland_2_Drain_Tile_near_Kaukauna,,,,,,,,,
https://apps.usgs.gov/hivis/camera/VA_Little_Neck_Creek_at_Pinewood_Road_at_Virginia_Beach,,,,,,,,,
https://apps.usgs.gov/hivis/camera/AK_Salmon_River_near_Hyder,,,,,,,,,
https://apps.usgs.gov/hivis/camera/WI_Ashwaubenon_Creek_near_Little_Rapids,,,,,,,,,
https://apps.usgs.gov/hivis/camera/MA_Head_of_the_Meadow_Beach_near_Truro_CAMERA_2,,,,,,,,,
https://apps.usgs.gov/hivis/camera/MI_St_Marys_River_at_Sault_Ste_Marie,,,,,,,,,
https://apps.usgs.gov/hivis/camera/WI_Pine_River_below_Pine_River_Powerplant_near_Florence,,,,,,,,,
https://apps.usgs.gov/hivis/camera/NE_Kearney_Outdoor_Learning_Area_RISE,,,,,,,,,
https://apps.usgs.gov/hivis/camera/NY_NY_Neversink_Godeffroy_RISE,,,,,,,,,
https://apps.usgs.gov/hivis/camera/WI_KD1_STAFF,,,,,,,,,
https://apps.usgs.gov/hivis/camera/CA_Santa_Ana_River_below_Prado_Dam,,,,,,,,,
https://apps.usgs.gov/hivis/camera/MN_YELLOW_BANK_RIVER_NEAR_ODESSA_MN,,,,,,,,,
https://apps.usgs.gov/hivis/camera/NC_South_Buffalo_Creek_near_Pomona,,,,,,,,,
https://apps.usgs.gov/hivis/camera/MI_Sarett_Nature_Center_Fen_met_station_Berrien_County,,,,,,,,,
https://apps.usgs.gov/hivis/camera/PA_West_Branch_Susquehanna_River_at_Lewisburg,,,,,,,,,
https://apps.usgs.gov/hivis/camera/CO_Fourmile_Creek_at_Orodell,,,,,,,,,
https://apps.usgs.gov/hivis/camera/CA_San_Lorenzo_River_at_Big_Trees,,,,,,,,,
https://apps.usgs.gov/hivis/camera/WI_Hay_River_at_Wheeler,,,,,,,,,
https://apps.usgs.gov/hivis/camera/AK_Taku_River_near_Juneau,,,,,,,,,
https://apps.usgs.gov/hivis/camera/MI_Lower_River_Rouge_at_Dearborn_STANDPIPE,,,,,,,,,
https://apps.usgs.gov/hivis/camera/MI_Clinton_River_at_Moravian_Drive_at_Mount_Clemens,,,,,,,,,
https://apps.usgs.gov/hivis/camera/WI_GLRI_East_River_Waterway_SW3_STAFF,,,,,,,,,
https://apps.usgs.gov/hivis/camera/SC_Lynches_River_at_I95_above_Olanta_UPSTREAM_CAMERA,,,,,,,,,
https://apps.usgs.gov/hivis/camera/SC_Black_River_at_I_95_near_Manning_UPSTREAM_CAMERA,,,,,,,,,
https://apps.usgs.gov/hivis/camera/WI_Wurches_Creek_at_County_HWY_B_near_Green_Lake,,,,,,,,,
https://apps.usgs.gov/hivis/camera/WI_Duck_Creek_near_Howard_DOWNSTREAM,,,,,,,,,
https://apps.usgs.gov/hivis/camera/MN_Roseau_River_below_South_Fork_near_Malung,,,,,,,,,
https://apps.usgs.gov/hivis/camera/GU_Adelup_Point_CAMERA_1,,,,,,,,,
https://apps.usgs.gov/hivis/camera/WI_Big_Rib_River_at_Rib_Falls,,,,,,,,,
https://apps.usgs.gov/hivis/camera/AK_MF_Bradley_River_below_NF_Bradley_River_near_Homer,,,,,,,,,
https://apps.usgs.gov/hivis/camera/WI_Oak_Creek_at_South_Milwaukee,,,,,,,,,
https://apps.usgs.gov/hivis/camera/IN_St_Marys_River_near_Fort_Wayne,,,,,,,,,
https://apps.usgs.gov/hivis/camera/NE_Platte_River_near_Ashland,,,,,,,,,
https://apps.usgs.gov/hivis/camera/TX_Medina_Lake_near_San_Antonio,,,,,,,,,
https://apps.usgs.gov/hivis/camera/NM_Pecos_Web_Camera_near_Roswell,,,,,,,,,
https://apps.usgs.gov/hivis/camera/WI_GLRI_Waterway_Number_5_near_Wrightstown_STAFF,,,,,,,,,
https://apps.usgs.gov/hivis/camera/NY_Manhole_West_Delavan_Ave_110_ft_west_of_Niagara_Street,,,,,,,,,
https://apps.usgs.gov/hivis/camera/MI_Pine_River_at_Pine_River_Road_near_Standish,,,,,,,,,
https://apps.usgs.gov/hivis/camera/WI_Martin_Meadowlark_Bay_Tributary_at_Lake_Redstone_near_La_Valle,,,,,,,,,
https://apps.usgs.gov/hivis/camera/AZ_National_Data_Conference_2023_DCP_Vivotek,,,,,,,,,
https://apps.usgs.gov/hivis/camera/FL_Cypress_Creek_at_County_Line_Rad_at_Wesley_Chapel,,,,,,,,,
https://apps.usgs.gov/hivis/camera/WI_Fox_River_near_New_Munster_TELEPHOTO_LENS,,,,,,,,,
https://apps.usgs.gov/hivis/camera/MI_Lower_River_Rouge_at_Dearborn,,,,,,,,,
https://apps.usgs.gov/hivis/camera/WI_Puchyan_River_Downstream_of_North_Lawson_Driver_near_Green_Lake,,,,,,,,,
https://apps.usgs.gov/hivis/camera/WI_Drywood_Creek_at_Covered_Footbridge_near_Cadott,,,,,,,,,
https://apps.usgs.gov/hivis/camera/FL_Hillsborough_River_above_Crystal_Springs_near_Zephyrhills,,,,,,,,,
https://apps.usgs.gov/hivis/camera/WI_Stillwell_Creek_at_Yard_Road_near_Tomah,,,,,,,,,
https://apps.usgs.gov/hivis/camera/CO_Colorado_River_above_Roaring_Fork_River_at_Glenwood_Springs,,,,,,,,,
https://apps.usgs.gov/hivis/camera/MN_Mississippi_River_at_St_Paul,,,,,,,,,
https://apps.usgs.gov/hivis/camera/MI_River_Rouge_at_Detroit_STANDPIPE,,,,,,,,,
https://apps.usgs.gov/hivis/camera/NC_Little_Hope_Creek_at_Seneca_Place_at_Charlotte,,,,,,,,,
https://apps.usgs.gov/hivis/camera/WI_Willow_River_at_Willow_River_State_Park_near_Burkhardt,,,,,,,,,
https://apps.usgs.gov/hivis/camera/GA_Peachtree_Creek_at_Atlanta,,,,,,,,,
https://apps.usgs.gov/hivis/camera/MN_Mississippi_River_at_HWY_610_in_Brooklyn_Park,,,,,,,,,
https://apps.usgs.gov/hivis/camera/WI_Sixmile_Creek_at_Woodland_Drive_near_Waunakee,,,,,,,,,
https://apps.usgs.gov/hivis/camera/WI_Yahara_River_at_East_Main_St_at_Madison,,,,,,,,,
https://apps.usgs.gov/hivis/camera/WI_Oconto_River_near_Gillett,,,,,,,,,
https://apps.usgs.gov/hivis/camera/FL_Anclote_River_at_Little_Road_near_Elfers,,,,,,,,,
https://apps.usgs.gov/hivis/camera/GA_Flint_River_at_Albany,,,,,,,,,
https://apps.usgs.gov/hivis/camera/WI_Sugar_River_near_Brodhead,,,,,,,,,
https://apps.usgs.gov/hivis/camera/MN_Bois_De_Sioux_River_near_Doran,,,,,,,,,
https://apps.usgs.gov/hivis/camera/WI_Peshtigo_River_at_Porterfield,,,,,,,,,
https://apps.usgs.gov/hivis/camera/MI_Clinton_River_at_Moravian_Drive_at_Mount_Clemens_STANDPIPE,,,,,,,,,
https://apps.usgs.gov/hivis/camera/NC_French_Broad_River_at_Asheville,,,,,,,,,
https://apps.usgs.gov/hivis/camera/WI_Pike_River_near_Racine,,,,,,,,,
https://apps.usgs.gov/hivis/camera/GA_Withlacoochee_River_at_Skipper_Bridge_Road_near_Bemiss,,,,,,,,,
https://apps.usgs.gov/hivis/camera/OH_Platter_Creek_near_Sherwood,,,,,,,,,
https://apps.usgs.gov/hivis/camera/PR_Dorado_Camera_2,,,,,,,,,
https://apps.usgs.gov/hivis/camera/NE_Elkhorn_River_at_Waterloo,,,,,,,,,
https://apps.usgs.gov/hivis/camera/ME_Kennebec_River_at_Calumet_Bridge_at_Augusta,,,,,,,,,
https://apps.usgs.gov/hivis/camera/PR_Isla_Verde_Camera_2,,,,,,,,,
https://apps.usgs.gov/hivis/camera/NE_Platte_River_near_Duncan,,,,,,,,,
https://apps.usgs.gov/hivis/camera/MI_Tile_Drain_to_Mill_Creek_near_Waldron_FIELD,,,,,,,,,
https://apps.usgs.gov/hivis/camera/PA_Brandywine_Creek_RISE,,,,,,,,,
https://apps.usgs.gov/hivis/camera/WI_Chippewa_River_at_Grand_Ave_at_Eau_Claire,,,,,,,,,
https://apps.usgs.gov/hivis/camera/CA_Dutch_Slough_below_Jersey_Island_Road_at_Jersey_Island,,,,,,,,,
https://apps.usgs.gov/hivis/camera/WI_AO3_FLUME_OVERVIEW,,,,,,,,,
https://apps.usgs.gov/hivis/camera/OH_Blanchard_River_near_Dupont,,,,,,,,,
https://apps.usgs.gov/hivis/camera/WI_Chaffe_Creek_at_HWY_39_near_Coloma,,,,,,,,,
https://apps.usgs.gov/hivis/camera/WI_Lake_Winnebago_at_Jefferson_Park,,,,,,,,,
https://apps.usgs.gov/hivis/camera/MN_Redwood_River_near_Redwood_Falls,,,,,,,,,
https://apps.usgs.gov/hivis/camera/MN_St_Croix_River_at_Stillwater,,,,,,,,,
https://apps.usgs.gov/hivis/camera/WI_East_River_at_HWY_ZZ_near_Greenleaf,,,,,,,,,
https://apps.usgs.gov/hivis/camera/CA_False_River_Near_Oakley,,,,,,,,,
https://apps.usgs.gov/hivis/camera/SC_Congaree_River_at_US_HWY_601_near_Fort_Motte,,,,,,,,,
https://apps.usgs.gov/hivis/camera/OH_Inflow_to_wetland_near_Winn_Road_near_Defiance_STAFF,,,,,,,,,
https://apps.usgs.gov/hivis/camera/WI_Honey_Creek_at_Wauwatosa,,,,,,,,,
https://apps.usgs.gov/hivis/camera/MN_OTTER_TAIL_RIVER_NEAR_ELIZABETH_MN,,,,,,,,,
https://apps.usgs.gov/hivis/camera/01310740_NY_Reynolds_Channel_at_Point_Lookout,,,,,,,,,
https://apps.usgs.gov/hivis/camera/FL_Madeira_Beach,,,,,,,,,
https://apps.usgs.gov/hivis/camera/NY_Niagara_Street_Green_Infrastructure,,,,,,,,,
https://apps.usgs.gov/hivis/camera/CA_Truckee_River_at_Boca_Bridge_near_Truckee,,,,,,,,,
https://apps.usgs.gov/hivis/camera/WA_Cowlitz_River_at_Castle_Rock,,,,,,,,,
https://apps.usgs.gov/hivis/camera/WI_Chippewa_River_below_Dells_Dam_at_Eau_Claire_CONTROL,,,,,,,,,
https://apps.usgs.gov/hivis/camera/CO_Blue_River_Below_Dillon,,,,,,,,,
https://apps.usgs.gov/hivis/camera/WI_Little_Plover_River_near_Plover,,,,,,,,,
https://apps.usgs.gov/hivis/camera/WI_La_Crosse_River_at_HWY_BB_near_Tomah,,,,,,,,,
https://apps.usgs.gov/hivis/camera/MA_West_Brook_RISE,,,,,,,,,
https://apps.usgs.gov/hivis/camera/WI_East_Branch_Big_Creek_at_La_Valle_Road_near_La_Valle,,,,,,,,,
https://apps.usgs.gov/hivis/camera/WI_Yahara_River_near_Fulton,,,,,,,,,
https://apps.usgs.gov/hivis/camera/WI_White_Creek_at_Spring_Grove_Road_near_Green_Lake,,,,,,,,,
https://apps.usgs.gov/hivis/camera/OH_Inflow_to_wetland_near_Winn_Road_near_Defiance_WET1,,,,,,,,,
https://apps.usgs.gov/hivis/camera/WI_Fox_River_at_Appleton_Lower_Lock_above_upper_gate_pool,,,,,,,,,
https://apps.usgs.gov/hivis/camera/WI_West_Branch_Big_Creet_at_Clark_Road_near_La_Valle,,,,,,,,,
https://apps.usgs.gov/hivis/camera/MI_Sebewaing_River_at_Center_Street_at_Sebewaing,,,,,,,,,
https://apps.usgs.gov/hivis/camera/NM_Gavilan_Canyon_at_Skunk_Canyon_near_Hollywood,,,,,,,,,
https://apps.usgs.gov/hivis/camera/WI_Ashland_Breakwater_Lighthouse_Chequamegon_Bay,,,,,,,,,
https://apps.usgs.gov/hivis/camera/IN_Overland_Flow_East_of_Bull_Rapids_Road_near_Harlan_STAFF,,,,,,,,,
https://apps.usgs.gov/hivis/camera/CO_Colorado_River_at_Windy_Gap_near_Granby,,,,,,,,,
https://apps.usgs.gov/hivis/camera/ME_Penobscot_River_at_Bangor,,,,,,,,,
https://apps.usgs.gov/hivis/camera/OH_Unnamed_Tributary_above_wetland_near_Winn_Road_near_Defiance_CULVERT,,,,,,,,,
https://apps.usgs.gov/hivis/camera/AZ_National_Data_Conference_2023__RPi_Camera,,,,,,,,,
https://apps.usgs.gov/hivis/camera/ME_St_John_River_at_Dickey,,,,,,,,,
https://apps.usgs.gov/hivis/camera/NY_Niagara_Street_Green_Infrastructure_PTZ_Camera,,,,,,,,,
https://apps.usgs.gov/hivis/camera/01427500_NY_Callicoon_Ck_Callicoon,,,,,,,,,
https://apps.usgs.gov/hivis/camera/06414000_SD_RapidCr_Rapid_City,,,,,,,,,
https://apps.usgs.gov/hivis/camera/01351298_NY_Cobleskill_Creek_Cobleskill,,,,,,,,,
https://apps.usgs.gov/hivis/camera/01427510_NY_Delaware_River_Callicoon,,,,,,,,,
https://apps.usgs.gov/hivis/camera/06471000_SD_JamesR_Columbia,,,,,,,,,
https://apps.usgs.gov/hivis/camera/08093350_TX_Aquilla_Lake,,,,,,,,,
https://apps.usgs.gov/hivis/camera/08072500_TX_Barker_Res_nr_Addicks,,,,,,,,,
https://apps.usgs.gov/hivis/camera/06476000_SD_JamesR_Huron,,,,,,,,,
https://apps.usgs.gov/hivis/camera/01349705_NY_Schoharie_Creek_Lexington,,,,,,,,,
https://apps.usgs.gov/hivis/camera/0131079450_NY_Hempstead_Lake,,,,,,,,,
https://apps.usgs.gov/hivis/camera/06485500_IA_BigSiouxR_Akron,,,,,,,,,
https://apps.usgs.gov/hivis/camera/01374890_NY_Cross_River_Cross_River,,,,,,,,,
https://apps.usgs.gov/hivis/camera/01365500_NY_Chestnut_Creek_Grahamsville,,,,,,,,,
https://apps.usgs.gov/hivis/camera/777777_HABS_Rapid_Croche,,,,,,,,,
https://apps.usgs.gov/hivis/camera/01435000_NY_Neversink_Claryville_VISIBLE,,,,,,,,,
https://apps.usgs.gov/hivis/camera/06412500_SD_Rapid_Creek_above_Canyon_Lake,,,,,,,,,
https://apps.usgs.gov/hivis/camera/13139510_ID_Big_Wood_River_Hailey,,,,,,,,,
https://apps.usgs.gov/hivis/camera/13130300_ID_Big_Lost_River_Leslie,,,,,,,,,
https://apps.usgs.gov/hivis/camera/403859074555201_NJ_Spruce_Run_Reservoir,,,,,,,,,
https://apps.usgs.gov/hivis/camera/0137462010_NY_WB_CrotonR_Carmel,,,,,,,,,
https://apps.usgs.gov/hivis/camera/01311500_NY_Valley_Stream_Valley_Stream,,,,,,,,,
https://apps.usgs.gov/hivis/camera/01363556_NY_Esopus_Creek_Lomontville,,,,,,,,,
https://apps.usgs.gov/hivis/camera/01349000_NY_Otsquago_Creek_Fort_Plain,,,,,,,,,
https://apps.usgs.gov/hivis/camera/01387000_NJ_WanaqueR_Wanaque,,,,,,,,,
https://apps.usgs.gov/hivis/camera/08051100_TX_Ray_Roberts_Lake,,,,,,,,,
https://apps.usgs.gov/hivis/camera/0204309906_VA_Ramsgate,,,,,,,,,
https://apps.usgs.gov/hivis/camera/06337000_ND_Little_MissouriR_Watford,,,,,,,,,
https://apps.usgs.gov/hivis/camera/01359528_NY_Normans_Kill_Albany,,,,,,,,,
https://apps.usgs.gov/hivis/camera/01480000_DE_RedClay_Wooddale,,,,,,,,,
https://apps.usgs.gov/hivis/camera/06335500_ND_Little_Missouri_R_Marmarth,,,,,,,,,
https://apps.usgs.gov/hivis/camera/0204288905_VA_BaileyCR_Chesapeake,,,,,,,,,
https://apps.usgs.gov/hivis/camera/01374901_NY_Cross_River_Katonah,,,,,,,,,
https://apps.usgs.gov/hivis/camera/13342500_ID_Clearwater_River_Spalding,,,,,,,,,
https://apps.usgs.gov/hivis/camera/05051600_ND_WildRiceR_Rutland,,,,,,,,,
https://apps.usgs.gov/hivis/camera/13258500_ID_Weiser_River_Cambridge,,,,,,,,,
https://apps.usgs.gov/hivis/camera/12131300_WA_BoltCk_Skykomish,,,,,,,,,
https://apps.usgs.gov/hivis/camera/01388910_NJ_PomptonR_MtView,,,,,,,,,
https://apps.usgs.gov/hivis/camera/01365550_NY_Chestnut_Creek_Mouth_Grahamsville,,,,,,,,,
https://apps.usgs.gov/hivis/camera/01411330_NJ_Beach_Thorofare_Margate,,,,,,,,,
https://apps.usgs.gov/hivis/camera/01310500_NY_East_Meadow_Brook_Freeport,,,,,,,,,
https://apps.usgs.gov/hivis/camera/01185500_MA_WB_FarmingtonR_NewBoston,,,,,,,,,
https://apps.usgs.gov/hivis/camera/01422747_NY_East_Brook_Walton,,,,,,,,,
https://apps.usgs.gov/hivis/camera/01388500_NJ_PomptonR_Pompton,,,,,,,,,
https://apps.usgs.gov/hivis/camera/01368050_NY_Wallkill_Unionville,,,,,,,,,
https://apps.usgs.gov/hivis/camera/01377451_NJ_Pascack_Brook_Hillsdale,,,,,,,,,
https://apps.usgs.gov/hivis/camera/393259107194801_CO_Colorado_Glenwood,,,,,,,,,
https://apps.usgs.gov/hivis/camera/01362232_NY_Broadstreet_Hollow_Brook_Allaben,,,,,,,,,
https://apps.usgs.gov/hivis/camera/13297380_ID_Salmon_River_Clayton,,,,,,,,,
https://apps.usgs.gov/hivis/camera/06477000_SD_JamesR_Forestburg,,,,,,,,,
https://apps.usgs.gov/hivis/camera/05531175_IL_Salt_Cr_WoodDale,,,,,,,,,
https://apps.usgs.gov/hivis/camera/04165710_MI_DetriotR_FortWayne,,,,,,,,,
https://apps.usgs.gov/hivis/camera/08073100_TX_LanghamCr_AddicksRes_Outflow,,,,,,,,,
https://apps.usgs.gov/hivis/camera/0205551460_VA_Lick_Run_Roanoke,,,,,,,,,
https://apps.usgs.gov/hivis/camera/01585075_MD_Foster_Br_Joppatowne,,,,,,,,,
https://apps.usgs.gov/hivis/camera/06354980_ND_SpringCK_Haley,,,,,,,,,
https://apps.usgs.gov/hivis/camera/06354890_ND_NorthFork_GrandR_Bowman,,,,,,,,,
https://apps.usgs.gov/hivis/camera/05335478_Burnett_Clam_Dam,,,,,,,,,
https://apps.usgs.gov/hivis/camera/01327750_NY_Hudson_River_at_Fort_Edward,,,,,,,,,
https://apps.usgs.gov/hivis/camera/01634000_VA_Shenandoah_Strasburg,,,,,,,,,
https://apps.usgs.gov/hivis/camera/01387095_NY_RamapoR_Harriman,,,,,,,,,
https://apps.usgs.gov/hivis/camera/0402659457_FEH_2_Troutmere_WildcatRd,,,,,,,,,
https://apps.usgs.gov/hivis/camera/01413408_NY_Dry_Brook_Arkville,,,,,,,,,
https://apps.usgs.gov/hivis/camera/02336910_GA_Sweetwater_Cr_Austell,,,,,,,,,
https://apps.usgs.gov/hivis/camera/04183105_04183105_Maumee_Woodburn_IN,,,,,,,,,
https://apps.usgs.gov/hivis/camera/000000_TX_SanAntonioR_EastNueva,,,,,,,,,
https://apps.usgs.gov/hivis/camera/01574500_PA_Codorus_Ck_Spring_Grove,,,,,,,,,
https://apps.usgs.gov/hivis/camera/05576195_IL_Sugar_Creek_Chatham,,,,,,,,,
https://apps.usgs.gov/hivis/camera/01389534_NJ_PeckmanR_Verona,,,,,,,,,
https://apps.usgs.gov/hivis/camera/04026635_FEH_16_TroutBrook_KomsteadRd,,,,,,,,,
https://apps.usgs.gov/hivis/camera/01379500_NJ_PassaicR_Chatham,,,,,,,,,
https://apps.usgs.gov/hivis/camera/05335450_Burnett_Malone_RD,,,,,,,,,
https://apps.usgs.gov/hivis/camera/01638500_MD_PotomacR_Point_of_Rocks,,,,,,,,,
https://apps.usgs.gov/hivis/camera/13302500_ID_Salmon_River_Salmon,,,,,,,,,
https://apps.usgs.gov/hivis/camera/01381500_NJ_Whippany_River_Morristown,,,,,,,,,
https://apps.usgs.gov/hivis/camera/02019500_VA_JamesRiver_Buchanan,,,,,,,,,
https://apps.usgs.gov/hivis/camera/01362357_NY_Warner_Ck_Chichester,,,,,,,,,
https://apps.usgs.gov/hivis/camera/02336300_GA_PeachtreeCr_Atlanta,,,,,,,,,
https://apps.usgs.gov/hivis/camera/06447450_SD_WhiteR_WhiteR,,,,,,,,,
https://apps.usgs.gov/hivis/camera/12211195_WA_NooksackR_Overflow,,,,,,,,,
https://apps.usgs.gov/hivis/camera/01462000_NJ_Delaware_Lambertville,,,,,,,,,
https://apps.usgs.gov/hivis/camera/01407770_NJ_Shark_River_Belmar,,,,,,,,,
https://apps.usgs.gov/hivis/camera/13340000_ID_Clearwater_River_Orofino,,,,,,,,,
https://apps.usgs.gov/hivis/camera/01357500_NY_Mohawk_River_at_Cohoes,,,,,,,,,
https://apps.usgs.gov/hivis/camera/02352500_GA_FlintR_Albany,,,,,,,,,
https://apps.usgs.gov/hivis/camera/05124000_ND_SourisR_Westhope,,,,,,,,,
https://apps.usgs.gov/hivis/camera/05116500_ND_Des_LacsR_Foxholm,,,,,,,,,
https://apps.usgs.gov/hivis/camera/040265975_FEH_5_Marengo_Trib_HwyC,,,,,,,,,
https://apps.usgs.gov/hivis/camera/777777_HABS_Little_Kaukauna_Lock,,,,,,,,,
https://apps.usgs.gov/hivis/camera/02335700_GA_BigCreek_Alpharetta,,,,,,,,,
https://apps.usgs.gov/hivis/camera/08072600_TX_Buffalo_Bayou_nr_Addicks,,,,,,,,,
https://apps.usgs.gov/hivis/camera/05553700_IL_IllinoisR_StarvedRock,,,,,,,,,
https://apps.usgs.gov/hivis/camera/01465500_PA_Neshaminy_Langhorne,,,,,,,,,
https://apps.usgs.gov/hivis/camera/08073000_TX_Addicks_Res_Outflow_Culverts,,,,,,,,,
https://apps.usgs.gov/hivis/camera/01387998_NJ_Ramapo_Pompton_Dam,,,,,,,,,
https://apps.usgs.gov/hivis/camera/01579905_MD_DeerCK_Pylesville,,,,,,,,,
https://apps.usgs.gov/hivis/camera/777777_HABS_Appleton_Lower_Lock,,,,,,,,,
https://apps.usgs.gov/hivis/camera/01302020_NY_Bronx_River_NY_Botanical_Garden,,,,,,,,,
https://apps.usgs.gov/hivis/camera/13075500_ID_Portneuf_River_Pocatello,,,,,,,,,
https://apps.usgs.gov/hivis/camera/01362487_NY_Beaver_Kill_Mount_Tremper,,,,,,,,,
https://apps.usgs.gov/hivis/camera/01434000_NY_DelawareR_PortJervis_PTZ,,,,,,,,,
https://apps.usgs.gov/hivis/camera/021989773_GA_SavannahR_USACE_Savannah,,,,,,,,,
https://apps.usgs.gov/hivis/camera/08072500_TX_Barker_Res_nr_Addicks_OUTFLOW,,,,,,,,,
https://apps.usgs.gov/hivis/camera/01382500_NJ_Pequannock_River_Macopin,,,,,,,,,
https://apps.usgs.gov/hivis/camera/05114000_ND_05114000_SourisR_Sherwood,,,,,,,,,
https://apps.usgs.gov/hivis/camera/420931086224403_MI_Butterfly_Sarett,,,,,,,,,
https://apps.usgs.gov/hivis/camera/01350140_NY_Mine_Kill_North_Blenheim,,,,,,,,,
https://apps.usgs.gov/hivis/camera/0158175720_MD_Lake_Serene_Edgewood,,,,,,,,,
https://apps.usgs.gov/hivis/camera/05333500_ST_Croix_Danbury,,,,,,,,,
https://apps.usgs.gov/hivis/camera/13305310_ID_Lemhi_River_below_L5_Salmon,,,,,,,,,
https://apps.usgs.gov/hivis/camera/0164579522_VA_The_Glade_nr_Howland_Dr,,,,,,,,,
https://apps.usgs.gov/hivis/camera/01419500_NY_WillowemocCR_Livingston,,,,,,,,,
https://apps.usgs.gov/hivis/camera/04026757_FEH_15_Silver_HwyC,,,,,,,,,
https://apps.usgs.gov/hivis/camera/463227090365601_Denomie_Creek,,,,,,,,,
https://apps.usgs.gov/hivis/camera/0164578734_VA_Snakeden_Br_above_Lake_Audubon_Reston,,,,,,,,,
https://apps.usgs.gov/hivis/camera/04183000_IN_Maumee_New_Haven_DOWN,,,,,,,,,
https://apps.usgs.gov/hivis/camera/0167300055_VA_Mechumps_Ck_Ashland,,,,,,,,,
https://apps.usgs.gov/hivis/camera/09071750_CO_Colorado_R_above_Glenwood_Springs,,,,,,,,,
https://apps.usgs.gov/hivis/camera/777777_HABS_DePere_Dam,,,,,,,,,
https://apps.usgs.gov/hivis/camera/02303348_FL_TroutCk_Wesley_Chapel,,,,,,,,,
https://apps.usgs.gov/hivis/camera/01161280_MA_Conn_Northfield,,,,,,,,,
https://apps.usgs.gov/hivis/camera/01312000_NY_Hudson_River_at_Newcomb,,,,,,,,,
https://apps.usgs.gov/hivis/camera/06447230_SD_BlackPipe_Belvidere,,,,,,,,,
https://apps.usgs.gov/hivis/camera/01654500_VA_LongBranch_Annandale_STREAM,,,,,,,,,
https://apps.usgs.gov/hivis/camera/05331000_MN_MissR_St_Paul,,,,,,,,,
https://apps.usgs.gov/hivis/camera/01426500_NY_DelawareR_HaleEddy,,,,,,,,,
https://apps.usgs.gov/hivis/camera/13070200_ID_Toponce_Canal_Chesterfield,,,,,,,,,
https://apps.usgs.gov/hivis/camera/01374941_NY_Muscoot_River_below_Dam_Amawalk,,,,,,,,,
https://apps.usgs.gov/hivis/camera/7777777_HABS_Kaukauna_Canal,,,,,,,,,
https://apps.usgs.gov/hivis/camera/05576100_IL_Lick_Creek_Woodside,,,,,,,,,
https://apps.usgs.gov/hivis/camera/01362297_NY_Panther_Kill_Phoenicia,,,,,,,,,
https://apps.usgs.gov/hivis/camera/06431500_SD_SpearfishCr_Spearfish,,,,,,,,,
https://apps.usgs.gov/hivis/camera/04166500_MI_Rouge_Detroit,,,,,,,,,
https://apps.usgs.gov/hivis/camera/01380450_NJ_RockawayR_Boonton,,,,,,,,,
https://apps.usgs.gov/hivis/camera/08092500_TX_Whitney_Lake,,,,,,,,,
https://apps.usgs.gov/hivis/camera/12211190_WA_NooksackR_Overflow_EmersonRd,,,,,,,,,
https://apps.usgs.gov/hivis/camera/08063700_TX_Bardwell_Lake,,,,,,,,,
https://apps.usgs.gov/hivis/camera/12395500_ID_Pend_Oreille_R_Newport,,,,,,,,,
https://apps.usgs.gov/hivis/camera/01420500_NY_Beaver_Kill_at_Cooks_Falls,,,,,,,,,
https://apps.usgs.gov/hivis/camera/02050000_VA_Blackwater_River_HWY58_258_Franklin,,,,,,,,,
https://apps.usgs.gov/hivis/camera/01435000_NY_Neversink_Claryville_THERMAL,,,,,,,,,
https://apps.usgs.gov/hivis/camera/05113750_ND_EastBranch_ShortCR_Columbus,,,,,,,,,
https://apps.usgs.gov/hivis/camera/01349150_NY_Canajoharie_Creek_Canajoharie,,,,,,,,,
https://apps.usgs.gov/hivis/camera/13206000_ID_Boise_River_Glenwood_Bridge_Boise,,,,,,,,,
https://apps.usgs.gov/hivis/camera/01463500_01463500_Delaware_Trenton_NJ,,,,,,,,,
https://apps.usgs.gov/hivis/camera/01410560_NJ_Inside_Thorofare_Atlantic_City,,,,,,,,,
https://apps.usgs.gov/hivis/camera/01354500_NY_Mohawk_River_Freeman_Bridge_Schenectady,,,,,,,,,
https://apps.usgs.gov/hivis/camera/01391000_NJ_Hohokus_Brook_HoHoKus,,,,,,,,,
https://apps.usgs.gov/hivis/camera/08040000_TX_Steinhagen_Lake,,,,,,,,,
https://apps.usgs.gov/hivis/camera/01436000_NY_Neversink_River_Neversink,,,,,,,,,
https://apps.usgs.gov/hivis/camera/01396060_NJ_Arthur_Kill_Perth_Amboy,,,,,,,,,
https://apps.usgs.gov/hivis/camera/09095500_CO_Colorado_R_Cameo,,,,,,,,,
https://apps.usgs.gov/hivis/camera/05335329_Burnett_Soderberg_RD,,,,,,,,,
https://apps.usgs.gov/hivis/camera/01413500_NY_East_Branch_Delaware_Margaretville,,,,,,,,,
https://apps.usgs.gov/hivis/camera/06342500_MissouriRiverBismarck,,,,,,,,,
https://apps.usgs.gov/hivis/camera/04026619_FEH_8_Brunsweiler_HwyC,,,,,,,,,
https://apps.usgs.gov/hivis/camera/01400500_NJ_Raritan_River_Manville,,,,,,,,,
https://apps.usgs.gov/hivis/camera/06423500_SD_CheyenneR_Wasta,,,,,,,,,
https://apps.usgs.gov/hivis/camera/04165500_MI_ClintonR_Mt_Clemens,,,,,,,,,
https://apps.usgs.gov/hivis/camera/01362230_NY_Diversion_Schoharie_Reservoir,,,,,,,,,
https://apps.usgs.gov/hivis/camera/12413131_ID_SF_Coeur_D_Alene_R_Abv_Placer_CR_Wallace,,,,,,,,,
https://apps.usgs.gov/hivis/camera/08073000_TX_Addicks_Res_nr_Addicks,,,,,,,,,
https://apps.usgs.gov/hivis/camera/01411350_NJ_Ludlum_Thorofare_Sea_Isle_City,,,,,,,,,
https://apps.usgs.gov/hivis/camera/01305500_NY_SwanR_East_Patchogue2,,,,,,,,,
https://apps.usgs.gov/hivis/camera/040267603_FEH_11_Silver_DelafieldRd,,,,,,,,,
https://apps.usgs.gov/hivis/camera/02341460_GA_ChattahoocheeR_14thSt_Columbus,,,,,,,,,
https://apps.usgs.gov/hivis/camera/01388100_NJ_Ramapo_Dawes_Highway_Pompton,,,,,,,,,
https://apps.usgs.gov/hivis/camera/05414000_PlatteR_Rockville,,,,,,,,,
https://apps.usgs.gov/hivis/camera/06337200_ND_Cherry_Creek_Shaefer,,,,,,,,,
https://apps.usgs.gov/hivis/camera/4623320904820_FEH_9_Marengo_Trib_PeltoRd,,,,,,,,,
https://apps.usgs.gov/hivis/camera/023177483_GA_WithlacoocheeR_SkipperBridge,,,,,,,,,
https://apps.usgs.gov/hivis/camera/01437500_NY_Neversink_Goddefroy,,,,,,,,,
https://apps.usgs.gov/hivis/camera/01407600_NJ_ShrewsburgR_SeaBright,,,,,,,,,
https://apps.usgs.gov/hivis/camera/01350035_NY_Bear_Kill_Prattsville,,,,,,,,,
https://apps.usgs.gov/hivis/camera/01388000_NJ_Ramapo_Pompton_Dam_Spillway,,,,,,,,,
https://apps.usgs.gov/hivis/camera/01505810_NY_ChenangoR_Oxford,,,,,,,,,
https://apps.usgs.gov/hivis/camera/01374531_NY_EB_CrotonR_Croton_Falls,,,,,,,,,
https://apps.usgs.gov/hivis/camera/04071000_WI_Gillett,,,,,,,,,
https://apps.usgs.gov/hivis/camera/04183000_IN_Maumee_New_Haven,,,,,,,,,
https://apps.usgs.gov/hivis/camera/01505000_NY_ChenangoR_Sherburne,,,,,,,,,
https://apps.usgs.gov/hivis/camera/777777_HABS_DePere_Lock,,,,,,,,,
